pasta,origem,destino,motivo
17891025118975,1.png,17891025118975_1.png,padronizacao_nome
17891025118975,2.png,17891025118975_2.png,padronizacao_nome
17891025118975,3.jpg,17891025118975_3.jpg,padronizacao_nome
17891025118975,4.jpg,17891025118975_4.jpg,padronizacao_nome
17891025118975,5.png,17891025118975_5.png,padronizacao_nome
17891025118975,6.jpg,17891025118975_6.jpg,padronizacao_nome
17891025118975,7.jpg,17891025118975_7.jpg,padronizacao_nome
17891025118975,8.jpg,17891025118975_8.jpg,padronizacao_nome
17891025118975,opcional (2).png,17891025118975_9.png,ajuste_para_evitar_duplicidade;ajuste_para_evitar_duplicidade;ajuste_para_evitar_duplicidade;ajuste_para_evitar_duplicidade;ajuste_para_evitar_duplicidade;ajuste_para_evitar_duplicidade;ajuste_para_evitar_duplicidade
17891025118975,opcional (3).png,17891025118975_10.png,ajuste_para_evitar_duplicidade;ajuste_para_evitar_duplicidade;ajuste_para_evitar_duplicidade;ajuste_para_evitar_duplicidade;ajuste_para_evitar_duplicidade;ajuste_para_evitar_duplicidade;ajuste_para_evitar_duplicidade
17891025118975,opcional.png,17891025118975_11.png,pos_inferida_por_ordem
17891025118982,1.png,17891025118982_1.png,padronizacao_nome
17891025118982,2.png,17891025118982_2.png,padronizacao_nome
17891025118982,3.jpg,17891025118982_3.jpg,padronizacao_nome
17891025118982,4.jpg,17891025118982_4.jpg,padronizacao_nome
17891025118982,5.png,17891025118982_5.png,padronizacao_nome
17891025118982,6.jpg,17891025118982_6.jpg,padronizacao_nome
17891025118982,7.jpg,17891025118982_7.jpg,padronizacao_nome
17891025118982,8.jpg,17891025118982_8.jpg,padronizacao_nome
17891025118982,opcional (2).png,17891025118982_9.png,ajuste_para_evitar_duplicidade;ajuste_para_evitar_duplicidade;ajuste_para_evitar_duplicidade;ajuste_para_evitar_duplicidade;ajuste_para_evitar_duplicidade;ajuste_para_evitar_duplicidade;ajuste_para_evitar_duplicidade
17891025118982,opcional (3).png,17891025118982_10.png,ajuste_para_evitar_duplicidade;ajuste_para_evitar_duplicidade;ajuste_para_evitar_duplicidade;ajuste_para_evitar_duplicidade;ajuste_para_evitar_duplicidade;ajuste_para_evitar_duplicidade;ajuste_para_evitar_duplicidade
17891025118982,opcional.png,17891025118982_11.png,pos_inferida_por_ordem
5016533657944,5016533657944_01.jpg,5016533657944_1.jpg,padronizacao_nome
5016533657944,5016533657944_02.jpg,5016533657944_2.jpg,padronizacao_nome
5016533657944,5016533657944_03.jpg,5016533657944_3.jpg,padronizacao_nome
5016533657944,5016533657944_04.jpg,5016533657944_4.jpg,padronizacao_nome
5016533657944,5016533657944_05.jpg,5016533657944_5.jpg,padronizacao_nome
5016533657944,5016533657944_06.jpg,5016533657944_6.jpg,padronizacao_nome
5016533657944,5016533657944_07.jpg,5016533657944_7.jpg,padronizacao_nome
5016533657944,5016533657944_08.jpg,5016533657944_8.jpg,padronizacao_nome
5016533657944,5016533657944_09.jpg,5016533657944_9.jpg,padronizacao_nome
5016533657968,5016533657968_01.jpg,5016533657968_1.jpg,padronizacao_nome
5016533657968,5016533657968_02.jpg,5016533657968_2.jpg,padronizacao_nome
5016533657968,5016533657968_03.jpg,5016533657968_3.jpg,padronizacao_nome
5016533657968,5016533657968_04.jpg,5016533657968_4.jpg,padronizacao_nome
5016533657968,5016533657968_05.jpg,5016533657968_5.jpg,padronizacao_nome
5016533657968,5016533657968_06.jpg,5016533657968_6.jpg,padronizacao_nome
5016533657968,5016533657968_07.jpg,5016533657968_7.jpg,padronizacao_nome
5016533657968,5016533657968_08.jpg,5016533657968_8.jpg,padronizacao_nome
5016533657968,5016533657968_09.jpg,5016533657968_9.jpg,padronizacao_nome
5016533657982,5016533657982_01.jpg,5016533657982_1.jpg,padronizacao_nome
5016533657982,5016533657982_02.jpg,5016533657982_2.jpg,padronizacao_nome
5016533657982,5016533657982_03.jpg,5016533657982_3.jpg,padronizacao_nome
5016533657982,5016533657982_04.jpg,5016533657982_4.jpg,padronizacao_nome
5016533657982,5016533657982_05.jpg,5016533657982_5.jpg,padronizacao_nome
5016533657982,5016533657982_06.jpg,5016533657982_6.jpg,padronizacao_nome
5016533657982,5016533657982_07.jpg,5016533657982_7.jpg,padronizacao_nome
5016533657982,5016533657982_08.jpg,5016533657982_8.jpg,padronizacao_nome
5016533658521,5016533658521_01.jpg,5016533658521_1.jpg,padronizacao_nome
5016533658521,5016533658521_02.jpg,5016533658521_2.jpg,padronizacao_nome
5016533658521,5016533658521_03.jpg,5016533658521_3.jpg,padronizacao_nome
5016533658521,5016533658521_04.jpg,5016533658521_4.jpg,padronizacao_nome
5016533658521,5016533658521_05.jpg,5016533658521_5.jpg,padronizacao_nome
5016533658521,5016533658521_06.jpg,5016533658521_6.jpg,padronizacao_nome
5016533658521,5016533658521_07.jpg,5016533658521_7.jpg,padronizacao_nome
5016533658521,5016533658521_08.jpg,5016533658521_8.jpg,padronizacao_nome
5016533658521,5016533658521_09.jpg,5016533658521_9.jpg,padronizacao_nome
7891025109884,7891025109884__8.jpg,7891025109884_10.jpg,ajuste_para_evitar_duplicidade;ajuste_para_evitar_duplicidade
7891025112709,7891025112686_1.jpg,7891025112709_1.jpg,padronizacao_nome
7891025112709,7891025112686_2.jpg,7891025112709_2.jpg,padronizacao_nome
7891025112709,7891025112686_3.jpg,7891025112709_3.jpg,padronizacao_nome
7891025112709,7891025112686_4.jpg,7891025112709_4.jpg,padronizacao_nome
7891025112709,7891025112686_5.jpg,7891025112709_5.jpg,padronizacao_nome
7891025112709,7891025112686_6.jpg,7891025112709_6.jpg,padronizacao_nome
7891025112709,7891025112686_7.jpg,7891025112709_7.jpg,padronizacao_nome
7891025112709,7891025112686_8.jpg,7891025112709_8.jpg,padronizacao_nome
7891025112914,7891025112914_01.jpg,7891025112914_1.jpg,padronizacao_nome
7891025117377,7891025117377-Activia_Shot_Probi_ticos_Framboesa_e_Hibisco_6x100g_6_unidades-(1).jpg,7891025117377_1.jpg,padronizacao_nome
7891025118978,2.jpg,7891025118978_2.jpg,padronizacao_nome
7891025118978,4.jpg,7891025118978_4.jpg,padronizacao_nome
7891025118978,5.jpg,7891025118978_5.jpg,padronizacao_nome
7891025118978,7891025118978_1A.jpg,7891025118978_1.jpg,padronizacao_nome
7891025118978,7891025118978_1B.jpg,7891025118978_3.jpg,ajuste_para_evitar_duplicidade;ajuste_para_evitar_duplicidade
7891025118978,7891025118978_03.jpg,7891025118978_6.jpg,ajuste_para_evitar_duplicidade;ajuste_para_evitar_duplicidade;ajuste_para_evitar_duplicidade
7891025118978,7891025118978_06.jpg,7891025118978_7.jpg,ajuste_para_evitar_duplicidade
7891025118978,7891025118978_07.jpg,7891025118978_8.jpg,ajuste_para_evitar_duplicidade
7891025118978,7891025118978_08 (opcional).jpg,7891025118978_9.jpg,ajuste_para_evitar_duplicidade
7891025118978,7891025118978_9A.jpg,7891025118978_10.jpg,ajuste_para_evitar_duplicidade
7891025118978,7891025118978_9B.jpg,7891025118978_11.jpg,ajuste_para_evitar_duplicidade;ajuste_para_evitar_duplicidade
7891025118978,7891025118978_9C.jpg,7891025118978_12.jpg,ajuste_para_evitar_duplicidade;ajuste_para_evitar_duplicidade;ajuste_para_evitar_duplicidade
7891025118978,7891025118978_Número 10.jpg,7891025118978_13.jpg,ajuste_para_evitar_duplicidade;ajuste_para_evitar_duplicidade;ajuste_para_evitar_duplicidade
7891025118978,7891025118978_Número 11.jpg,7891025118978_14.jpg,ajuste_para_evitar_duplicidade;ajuste_para_evitar_duplicidade;ajuste_para_evitar_duplicidade
7891025118978,7891025118978_Para Mundo Danone 1.jpg,7891025118978_15.jpg,ajuste_para_evitar_duplicidade;ajuste_para_evitar_duplicidade;ajuste_para_evitar_duplicidade;ajuste_para_evitar_duplicidade;ajuste_para_evitar_duplicidade;ajuste_para_evitar_duplicidade;ajuste_para_evitar_duplicidade;ajuste_para_evitar_duplicidade;ajuste_para_evitar_duplicidade;ajuste_para_evitar_duplicidade;ajuste_para_evitar_duplicidade;ajuste_para_evitar_duplicidade;ajuste_para_evitar_duplicidade;ajuste_para_evitar_duplicidade
7891025118978,7891025118978_Para Mundo Danone 2.jpg,7891025118978_16.jpg,ajuste_para_evitar_duplicidade;ajuste_para_evitar_duplicidade;ajuste_para_evitar_duplicidade;ajuste_para_evitar_duplicidade;ajuste_para_evitar_duplicidade;ajuste_para_evitar_duplicidade;ajuste_para_evitar_duplicidade;ajuste_para_evitar_duplicidade;ajuste_para_evitar_duplicidade;ajuste_para_evitar_duplicidade;ajuste_para_evitar_duplicidade;ajuste_para_evitar_duplicidade;ajuste_para_evitar_duplicidade;ajuste_para_evitar_duplicidade
7891025118985,7891025118985-YoPRO_Bebida_L_ctea_UHT_Milkshake_de_Baunilha_25g_de_prote_nas_250ml-(1).jpg,7891025118985_1.jpg,padronizacao_nome
7891025118985,7891025118985-YoPRO_Bebida_L_ctea_UHT_Milkshake_de_Baunilha_25g_de_prote_nas_250ml-(2).jpg,7891025118985_2.jpg,padronizacao_nome
7891025118985,7891025118985-YoPRO_Bebida_L_ctea_UHT_Milkshake_de_Baunilha_25g_de_prote_nas_250ml-(3).jpg,7891025118985_3.jpg,padronizacao_nome
7891025118985,7891025118985-YoPRO_Bebida_L_ctea_UHT_Milkshake_de_Baunilha_25g_de_prote_nas_250ml-(4).jpg,7891025118985_4.jpg,padronizacao_nome
7891025118985,7891025118985-YoPRO_Bebida_L_ctea_UHT_Milkshake_de_Baunilha_25g_de_prote_nas_250ml-(5).jpg,7891025118985_5.jpg,padronizacao_nome
7891025118985,7891025118985-YoPRO_Bebida_L_ctea_UHT_Milkshake_de_Baunilha_25g_de_prote_nas_250ml-(6).jpg,7891025118985_6.jpg,padronizacao_nome
7891025118985,7891025118985-YoPRO_Bebida_L_ctea_UHT_Milkshake_de_Baunilha_25g_de_prote_nas_250ml-(7).jpg,7891025118985_7.jpg,padronizacao_nome
7891025118985,7891025118985-YoPRO_Bebida_L_ctea_UHT_Milkshake_de_Baunilha_25g_de_prote_nas_250ml-(8).jpg,7891025118985_8.jpg,padronizacao_nome
7891025118985,7891025118985-YoPRO_Bebida_L_ctea_UHT_Milkshake_de_Baunilha_25g_de_prote_nas_250ml-(9).jpg,7891025118985_9.jpg,padronizacao_nome
7891025118985,7891025118985-YoPRO_Bebida_L_ctea_UHT_Milkshake_de_Baunilha_25g_de_prote_nas_250ml-(10).jpg,7891025118985_10.jpg,padronizacao_nome
7891025118985,7891025118985-YoPRO_Bebida_L_ctea_UHT_Milkshake_de_Baunilha_25g_de_prote_nas_250ml-(11).jpg,7891025118985_11.jpg,padronizacao_nome
7891025118985,7891025118985-YoPRO_Bebida_L_ctea_UHT_Milkshake_de_Baunilha_25g_de_prote_nas_250ml-(12).jpg,7891025118985_12.jpg,padronizacao_nome
7891025118985,7891025118985-YoPRO_Bebida_L_ctea_UHT_Milkshake_de_Baunilha_25g_de_prote_nas_250ml-(13).jpg,7891025118985_13.jpg,padronizacao_nome
7891025118985,7891025118985-YoPRO_Bebida_L_ctea_UHT_Milkshake_de_Baunilha_25g_de_prote_nas_250ml-(14).jpg,7891025118985_14.jpg,padronizacao_nome
7891025119722,7891025119722-Milnutri_800g_Com_20_De_Desconto_Na_2_Unidade-(1).jpg,7891025119722_1.jpg,padronizacao_nome
7891025121336,7891025121336-Activia_Polpa_Natural_Integral_140g-(1).jpg,7891025121336_1.jpg,padronizacao_nome
7891025121930,7891025121930-Sobremesa_Danette_Morango_180g_2_unidades-(1).jpg,7891025121930_1.jpg,padronizacao_nome
7891025121930,7891025121930-Sobremesa_Danette_Morango_180g_2_unidades-(2).jpg,7891025121930_2.jpg,padronizacao_nome
7891025122050,7891025122050_1A.jpg,7891025122050_1.jpg,padronizacao_nome
7891025122050,7891025122050_1B.jpg,7891025122050_2.jpg,ajuste_para_evitar_duplicidade
7891025122050,7891025122050_02.png,7891025122050_3.png,ajuste_para_evitar_duplicidade
7891025122050,7891025122050_03.jpg,7891025122050_4.jpg,ajuste_para_evitar_duplicidade
7891025122050,7891025122050_04.jpg,7891025122050_5.jpg,ajuste_para_evitar_duplicidade
7891025122050,7891025122050_05.png,7891025122050_6.png,ajuste_para_evitar_duplicidade
7891025122050,7891025122050_06.JPg,7891025122050_7.jpg,ajuste_para_evitar_duplicidade
7891025122050,7891025122050_07.jpg,7891025122050_8.jpg,ajuste_para_evitar_duplicidade
7891025122050,7891025122050_08.jpg,7891025122050_9.jpg,ajuste_para_evitar_duplicidade
7891025122050,7891025122050_10A.jpg,7891025122050_10.jpg,padronizacao_nome
7891025122050,7891025122050_10B.jpg,7891025122050_11.jpg,ajuste_para_evitar_duplicidade
7891025122050,7891025122050_10C.jpg,7891025122050_12.jpg,ajuste_para_evitar_duplicidade;ajuste_para_evitar_duplicidade
7891025122050,7891025122050_11.jpg,7891025122050_13.jpg,ajuste_para_evitar_duplicidade;ajuste_para_evitar_duplicidade
7891025122050,7891025122050_Para Mundo Danone 1.jpg,7891025122050_14.jpg,ajuste_para_evitar_duplicidade;ajuste_para_evitar_duplicidade;ajuste_para_evitar_duplicidade;ajuste_para_evitar_duplicidade;ajuste_para_evitar_duplicidade;ajuste_para_evitar_duplicidade;ajuste_para_evitar_duplicidade;ajuste_para_evitar_duplicidade;ajuste_para_evitar_duplicidade;ajuste_para_evitar_duplicidade;ajuste_para_evitar_duplicidade;ajuste_para_evitar_duplicidade;ajuste_para_evitar_duplicidade
7891025122050,7891025122050_Para Mundo Danone 2.jpg,7891025122050_15.jpg,ajuste_para_evitar_duplicidade;ajuste_para_evitar_duplicidade;ajuste_para_evitar_duplicidade;ajuste_para_evitar_duplicidade;ajuste_para_evitar_duplicidade;ajuste_para_evitar_duplicidade;ajuste_para_evitar_duplicidade;ajuste_para_evitar_duplicidade;ajuste_para_evitar_duplicidade;ajuste_para_evitar_duplicidade;ajuste_para_evitar_duplicidade;ajuste_para_evitar_duplicidade;ajuste_para_evitar_duplicidade
7891025122081,7891025122081-Nutridrink_Protein_Senior_P_Frutas_Vermelhas_Lt_750G_-(1).jpg,7891025122081_1.jpg,padronizacao_nome
7891025122098,7891025122098-Nutridrink_Protein_Senior_P_Frutas_Vermelhas_Lt_380G_-(1).jpg,7891025122098_1.jpg,padronizacao_nome
7891025122425,7891025122425-Nutri_Enteral_1_5_Baunilha_Danone_1L-(1).jpg,7891025122425_1.jpg,padronizacao_nome
7891025123156,7891025123156_0.png,7891025123156_1.png,pos_inferida_por_ordem
7891025123156,7891025123156_1.png,7891025123156_2.png,ajuste_para_evitar_duplicidade
7891025123156,7891025123156_2.png,7891025123156_3.png,ajuste_para_evitar_duplicidade
7891025123156,7891025123156_3.png,7891025123156_4.png,ajuste_para_evitar_duplicidade
7891025123323,7891025123323-Iogurte_L_quido_YoPRO_25g_de_Prote_nas_Morango_250g-(1).jpg,7891025123323_1.jpg,padronizacao_nome
7891025123323,7891025123323-Iogurte_L_quido_YoPRO_25g_de_Prote_nas_Morango_250g-(2).jpg,7891025123323_2.jpg,padronizacao_nome
7891025123323,7891025123323-Iogurte_L_quido_YoPRO_25g_de_Prote_nas_Morango_250g-(3).jpg,7891025123323_3.jpg,padronizacao_nome
7891025123323,7891025123323-Iogurte_L_quido_YoPRO_25g_de_Prote_nas_Morango_250g-(4).jpg,7891025123323_4.jpg,padronizacao_nome
7891025123323,7891025123323-Iogurte_L_quido_YoPRO_25g_de_Prote_nas_Morango_250g-(5).jpg,7891025123323_5.jpg,padronizacao_nome
7891025123323,7891025123323-Iogurte_L_quido_YoPRO_25g_de_Prote_nas_Morango_250g-(6).jpg,7891025123323_6.jpg,padronizacao_nome
7891025123323,7891025123323-Iogurte_L_quido_YoPRO_25g_de_Prote_nas_Morango_250g-(7).jpg,7891025123323_7.jpg,padronizacao_nome
7891025123323,7891025123323-Iogurte_L_quido_YoPRO_25g_de_Prote_nas_Morango_250g-(8).jpg,7891025123323_8.jpg,padronizacao_nome
7891025123323,7891025123323-Iogurte_L_quido_YoPRO_25g_de_Prote_nas_Morango_250g-(9).jpg,7891025123323_9.jpg,padronizacao_nome
7891025123323,7891025123323-Iogurte_L_quido_YoPRO_25g_de_Prote_nas_Morango_250g-(10).jpg,7891025123323_10.jpg,padronizacao_nome
7891025123323,7891025123323-Iogurte_L_quido_YoPRO_25g_de_Prote_nas_Morango_250g-(11).jpg,7891025123323_11.jpg,padronizacao_nome
7891025123460,7891025123460_01.jpg,7891025123460_1.jpg,padronizacao_nome
7891025123781,7891025123781-Bebida_L_ctea_Paulista_Morango_800g-(1).jpg,7891025123781_1.jpg,padronizacao_nome
7891025123798,7891025123798-Bebida_L_ctea_Paulista_Mix_de_Frutas_800g-(1).jpg,7891025123798_1.jpg,padronizacao_nome
7891025123927,7891025123927 Nutri R 2.0 Bau TP 1000ml.png,7891025123927_1000.png,padronizacao_nome
7891025124047,7891025124047-Activia_Zero_L_quido_Ameixa_750g__50g-(1).jpg,7891025124047_1.jpg,padronizacao_nome
7891025124054,7891025124054-Activia_Zero_L_quido_Morango_750g__50g-(1).jpg,7891025124054_1.jpg,padronizacao_nome
7891025124108,7891025124108-Activia_L_quido_Aveia_750g__50g-(1).jpg,7891025124108_1.jpg,padronizacao_nome
7891025124122,7891025124122-Activia_L_quido_Ameixa_750g__50g-(1).jpg,7891025124122_1.jpg,padronizacao_nome
7891025124139,7891025124139-Activia_L_quido_Morango_750g__50g-(1).jpg,7891025124139_1.jpg,padronizacao_nome
7891025124184,7891025124184-Iogurte_L_quido_Zero_Lactose_Corpus_Amora_e_Maracuj_800g-(1).jpg,7891025124184_1.jpg,padronizacao_nome
7891025124214,7891025124214-Iogurte_L_quido_YoPRO_15g_de_Prote_nas_Doce_de_Leite_Havanna_500g-(1).jpg,7891025124214_1.jpg,padronizacao_nome
7891025124214,7891025124214-Iogurte_L_quido_YoPRO_15g_de_Prote_nas_Doce_de_Leite_Havanna_500g-(2) imgsecundaria.jpg,7891025124214_2.jpg,padronizacao_nome
7891025124214,7891025124214-Iogurte_L_quido_YoPRO_15g_de_Prote_nas_Doce_de_Leite_Havanna_500g-(2).jpg,7891025124214_3.jpg,ajuste_para_evitar_duplicidade
7891025124214,7891025124214-Iogurte_L_quido_YoPRO_15g_de_Prote_nas_Doce_de_Leite_Havanna_500g-(3).jpg,7891025124214_4.jpg,ajuste_para_evitar_duplicidade
7891025124214,7891025124214-Iogurte_L_quido_YoPRO_15g_de_Prote_nas_Doce_de_Leite_Havanna_500g-(4).jpg,7891025124214_5.jpg,ajuste_para_evitar_duplicidade
7891025124214,7891025124214-Iogurte_L_quido_YoPRO_15g_de_Prote_nas_Doce_de_Leite_Havanna_500g-(5).jpg,7891025124214_6.jpg,ajuste_para_evitar_duplicidade
7891025124214,7891025124214-Iogurte_L_quido_YoPRO_15g_de_Prote_nas_Doce_de_Leite_Havanna_500g-(6).jpg,7891025124214_7.jpg,ajuste_para_evitar_duplicidade
7891025124214,7891025124214-Iogurte_L_quido_YoPRO_15g_de_Prote_nas_Doce_de_Leite_Havanna_500g-(7).jpg,7891025124214_8.jpg,ajuste_para_evitar_duplicidade
7891025124214,7891025124214-Iogurte_L_quido_YoPRO_15g_de_Prote_nas_Doce_de_Leite_Havanna_500g-(8).jpg,7891025124214_9.jpg,ajuste_para_evitar_duplicidade
7891025124214,7891025124214-Iogurte_L_quido_YoPRO_15g_de_Prote_nas_Doce_de_Leite_Havanna_500g-(9).jpg,7891025124214_10.jpg,ajuste_para_evitar_duplicidade
7891025124535,7891025124535_01.jpg,7891025124535_1.jpg,padronizacao_nome
7891025124535,7891025124535_02.jpg,7891025124535_2.jpg,padronizacao_nome
7891025124535,7891025124535_03.jpg,7891025124535_3.jpg,padronizacao_nome
7891025124542,7891025124542_01.jpg,7891025124542_1.jpg,padronizacao_nome
7891025124542,7891025124542_02.jpg,7891025124542_2.jpg,padronizacao_nome
7891025124542,7891025124542_03.jpg,7891025124542_3.jpg,padronizacao_nome
7891025124634,7891025124634-Danoninho_Bom_Dia_Banana_com_Aveia_90g-(1).jpg,7891025124634_1.jpg,padronizacao_nome
7891025124641,7891025124641-Danoninho_Bom_Dia_Morango_com_Aveia_90g-(1).jpg,7891025124641_1.jpg,padronizacao_nome
7891025124795,7891025124795-Caixa_com_12_unidades_YoPRO_Bebida_L_ctea_UHT_Baunilha_15g_de_prote_nas_250ml-(1).jpg,7891025124795_1.jpg,padronizacao_nome
7891025124795,7891025124795-Caixa_com_12_unidades_YoPRO_Bebida_L_ctea_UHT_Baunilha_15g_de_prote_nas_250ml-(2).jpg,7891025124795_2.jpg,padronizacao_nome
7891025124795,7891025124795-Caixa_com_12_unidades_YoPRO_Bebida_L_ctea_UHT_Baunilha_15g_de_prote_nas_250ml-(3).jpg,7891025124795_3.jpg,padronizacao_nome
7891025124795,7891025124795-Caixa_com_12_unidades_YoPRO_Bebida_L_ctea_UHT_Baunilha_15g_de_prote_nas_250ml-(4).jpg,7891025124795_4.jpg,padronizacao_nome
7891025124795,7891025124795-Caixa_com_12_unidades_YoPRO_Bebida_L_ctea_UHT_Baunilha_15g_de_prote_nas_250ml-(5).jpg,7891025124795_5.jpg,padronizacao_nome
7891025124795,7891025124795-Caixa_com_12_unidades_YoPRO_Bebida_L_ctea_UHT_Baunilha_15g_de_prote_nas_250ml-(6).jpg,7891025124795_6.jpg,padronizacao_nome
7891025124795,7891025124795-Caixa_com_12_unidades_YoPRO_Bebida_L_ctea_UHT_Baunilha_15g_de_prote_nas_250ml-(7).jpg,7891025124795_7.jpg,padronizacao_nome
7891025124795,7891025124795-Caixa_com_12_unidades_YoPRO_Bebida_L_ctea_UHT_Baunilha_15g_de_prote_nas_250ml-(8).jpg,7891025124795_8.jpg,padronizacao_nome
7891025124795,7891025124795-Caixa_com_12_unidades_YoPRO_Bebida_L_ctea_UHT_Baunilha_15g_de_prote_nas_250ml-(9).jpg,7891025124795_9.jpg,padronizacao_nome
7891025124825,7891025124825-Caixa_com_12_unidades_YoPRO_Bebida_L_ctea_UHT_Banana_15g_de_prote_nas_250ml-(1).jpg,7891025124825_1.jpg,padronizacao_nome
7891025124825,7891025124825-Caixa_com_12_unidades_YoPRO_Bebida_L_ctea_UHT_Banana_15g_de_prote_nas_250ml-(2).jpg,7891025124825_2.jpg,padronizacao_nome
7891025124825,7891025124825-Caixa_com_12_unidades_YoPRO_Bebida_L_ctea_UHT_Banana_15g_de_prote_nas_250ml-(3).jpg,7891025124825_3.jpg,padronizacao_nome
7891025124825,7891025124825-Caixa_com_12_unidades_YoPRO_Bebida_L_ctea_UHT_Banana_15g_de_prote_nas_250ml-(4).jpg,7891025124825_4.jpg,padronizacao_nome
7891025124825,7891025124825-Caixa_com_12_unidades_YoPRO_Bebida_L_ctea_UHT_Banana_15g_de_prote_nas_250ml-(5).jpg,7891025124825_5.jpg,padronizacao_nome
7891025124825,7891025124825-Caixa_com_12_unidades_YoPRO_Bebida_L_ctea_UHT_Banana_15g_de_prote_nas_250ml-(6).jpg,7891025124825_6.jpg,padronizacao_nome
7891025124825,7891025124825-Caixa_com_12_unidades_YoPRO_Bebida_L_ctea_UHT_Banana_15g_de_prote_nas_250ml-(7).jpg,7891025124825_7.jpg,padronizacao_nome
7891025124825,7891025124825-Caixa_com_12_unidades_YoPRO_Bebida_L_ctea_UHT_Banana_15g_de_prote_nas_250ml-(8).jpg,7891025124825_8.jpg,padronizacao_nome
7891025124825,7891025124825-Caixa_com_12_unidades_YoPRO_Bebida_L_ctea_UHT_Banana_15g_de_prote_nas_250ml-(9).jpg,7891025124825_9.jpg,padronizacao_nome
7891025699989,7891025699989-Nutrison_Danone_1L-(1).jpg,7891025699989_1.jpg,padronizacao_nome
7891025699989,7891025699989-Nutrison_Danone_1L-(2).jpg,7891025699989_2.jpg,padronizacao_nome
8716900554971,8716900554988_1.jpg,8716900554971_1.jpg,padronizacao_nome
8716900554971,8716900554988_2.jpg,8716900554971_2.jpg,padronizacao_nome
8716900554971,8716900554988_3.jpg,8716900554971_3.jpg,padronizacao_nome
8716900554971,8716900554988_4.jpg,8716900554971_4.jpg,padronizacao_nome
8716900554971,8716900554988_5.jpg,8716900554971_5.jpg,padronizacao_nome
8716900554971,8716900554988_6.jpg,8716900554971_6.jpg,padronizacao_nome
8716900554971,8716900554988_7.jpg,8716900554971_7.jpg,padronizacao_nome
8716900554971,8716900554988_8.jpg,8716900554971_8.jpg,padronizacao_nome
8716900554971,8716900554988_9.jpg,8716900554971_9.jpg,padronizacao_nome
8716900554971,8716900554988_10.jpg,8716900554971_10.jpg,padronizacao_nome
8716900554971,8716900554988_11.jpg,8716900554971_11.jpg,padronizacao_nome
8716900554971,8716900554988_12.jpg,8716900554971_12.jpg,padronizacao_nome
8716900554971,8716900554988_13.jpg,8716900554971_13.jpg,padronizacao_nome
8716900556821,8716900556821-Forticare_Capuccino_4Xpb_125Ml_-(1).jpg,8716900556821_1.jpg,padronizacao_nome
8716900556821,8716900556821-Forticare_Capuccino_4Xpb_125Ml_-(2).jpg,8716900556821_2.jpg,padronizacao_nome
8716900556944,8716900556944-Forticare_Pessego_Gengibre_4Xpb_125Ml_-(1).jpg,8716900556944_1.jpg,padronizacao_nome
8716900556944,8716900556944-Forticare_Pessego_Gengibre_4Xpb_125Ml_-(2).jpg,8716900556944_2.jpg,padronizacao_nome
8716900557231,8716900557231-Forticare_Laranja_Limao_4Xpb_125Ml_-(1).jpg,8716900557231_1.jpg,padronizacao_nome
8716900557231,8716900557231-Forticare_Laranja_Limao_4Xpb_125Ml_-(2).jpg,8716900557231_2.jpg,padronizacao_nome
8716900569821,8716900569821-Nutridrink_Protein_Baunilha_200ml-(1).jpg,8716900569821_1.jpg,padronizacao_nome
8716900569821,8716900569821-Nutridrink_Protein_Baunilha_200ml-(2).jpg,8716900569821_2.jpg,padronizacao_nome
8716900569821,8716900569821-Nutridrink_Protein_Baunilha_200ml-(3).jpg,8716900569821_3.jpg,padronizacao_nome
8716900569821,8716900569821-Nutridrink_Protein_Baunilha_200ml-(4).jpg,8716900569821_4.jpg,padronizacao_nome
8716900569821,8716900569821-Nutridrink_Protein_Baunilha_200ml-(5).jpg,8716900569821_5.jpg,padronizacao_nome
8716900569821,8716900569821-Nutridrink_Protein_Baunilha_200ml-(6).jpg,8716900569821_6.jpg,padronizacao_nome
8716900569821,8716900569821-Nutridrink_Protein_Baunilha_200ml-(7).jpg,8716900569821_7.jpg,padronizacao_nome
8716900569821,8716900569821-Nutridrink_Protein_Baunilha_200ml-(8).jpg,8716900569821_8.jpg,padronizacao_nome
8716900569821,8716900569821-Nutridrink_Protein_Baunilha_200ml-(9).jpg,8716900569821_9.jpg,padronizacao_nome
8716900569821,8716900569821-Nutridrink_Protein_Baunilha_200ml-(10).jpg,8716900569821_10.jpg,padronizacao_nome
8716900569821,8716900569821-Nutridrink_Protein_Baunilha_200ml-(11).jpg,8716900569821_11.jpg,padronizacao_nome
8716900569821,8716900569821-Nutridrink_Protein_Baunilha_200ml-(12).jpg,8716900569821_12.jpg,padronizacao_nome
8716900569821,8716900569821-Nutridrink_Protein_Baunilha_200ml-(13).jpg,8716900569821_13.jpg,padronizacao_nome
8716900569821,8716900569821-Nutridrink_Protein_Baunilha_200ml-(14).jpg,8716900569821_14.jpg,padronizacao_nome
8716900569821,8716900569821-Nutridrink_Protein_Baunilha_200ml-(15).jpg,8716900569821_15.jpg,padronizacao_nome
8716900569845,8716900569845-Nutridrink_Protein_Morango_200ml-(1).jpg,8716900569845_1.jpg,padronizacao_nome
8716900569845,8716900569845-Nutridrink_Protein_Morango_200ml-(2).jpg,8716900569845_2.jpg,padronizacao_nome
8716900569845,8716900569845-Nutridrink_Protein_Morango_200ml-(3).png,8716900569845_3.png,padronizacao_nome
8716900569845,8716900569845-Nutridrink_Protein_Morango_200ml-(4).jpg,8716900569845_4.jpg,padronizacao_nome
8716900569845,8716900569845-Nutridrink_Protein_Morango_200ml-(5).jpg,8716900569845_5.jpg,padronizacao_nome
8716900569845,8716900569845-Nutridrink_Protein_Morango_200ml-(6).jpg,8716900569845_6.jpg,padronizacao_nome
8716900569845,8716900569845-Nutridrink_Protein_Morango_200ml-(7).jpg,8716900569845_7.jpg,padronizacao_nome
8716900569845,8716900569845-Nutridrink_Protein_Morango_200ml-(8).jpg,8716900569845_8.jpg,padronizacao_nome
8716900569845,8716900569845-Nutridrink_Protein_Morango_200ml-(9).jpg,8716900569845_9.jpg,padronizacao_nome
8716900569845,8716900569845-Nutridrink_Protein_Morango_200ml-(10).jpg,8716900569845_10.jpg,padronizacao_nome
8716900569845,8716900569845-Nutridrink_Protein_Morango_200ml-(11).jpg,8716900569845_11.jpg,padronizacao_nome
8716900569845,8716900569845-Nutridrink_Protein_Morango_200ml-(12).jpg,8716900569845_12.jpg,padronizacao_nome
8716900569845,8716900569845-Nutridrink_Protein_Morango_200ml-(13).jpg,8716900569845_13.jpg,padronizacao_nome
8716900569845,8716900569845-Nutridrink_Protein_Morango_200ml-(14).jpg,8716900569845_14.jpg,padronizacao_nome
8716900569845,8716900569845-Nutridrink_Protein_Morango_200ml-(15).jpg,8716900569845_15.jpg,padronizacao_nome
8716900569869,8716900569869-Nutridrink_Protein_Chocolate_200ml-(1).jpg,8716900569869_1.jpg,padronizacao_nome
8716900569869,8716900569869-Nutridrink_Protein_Chocolate_200ml-(2).jpg,8716900569869_2.jpg,padronizacao_nome
8716900569869,8716900569869-Nutridrink_Protein_Chocolate_200ml-(3).jpg,8716900569869_3.jpg,padronizacao_nome
8716900569869,8716900569869-Nutridrink_Protein_Chocolate_200ml-(4).jpg,8716900569869_4.jpg,padronizacao_nome
8716900569869,8716900569869-Nutridrink_Protein_Chocolate_200ml-(5).jpg,8716900569869_5.jpg,padronizacao_nome
8716900569869,8716900569869-Nutridrink_Protein_Chocolate_200ml-(6).jpg,8716900569869_6.jpg,padronizacao_nome
8716900569869,8716900569869-Nutridrink_Protein_Chocolate_200ml-(7).jpg,8716900569869_7.jpg,padronizacao_nome
8716900569869,8716900569869-Nutridrink_Protein_Chocolate_200ml-(8).jpg,8716900569869_8.jpg,padronizacao_nome
8716900569869,8716900569869-Nutridrink_Protein_Chocolate_200ml-(9).jpg,8716900569869_9.jpg,padronizacao_nome
8716900569869,8716900569869-Nutridrink_Protein_Chocolate_200ml-(10).jpg,8716900569869_10.jpg,padronizacao_nome
8716900569869,8716900569869-Nutridrink_Protein_Chocolate_200ml-(11).jpg,8716900569869_11.jpg,padronizacao_nome
8716900569869,8716900569869-Nutridrink_Protein_Chocolate_200ml-(12).jpg,8716900569869_12.jpg,padronizacao_nome
8716900569869,8716900569869-Nutridrink_Protein_Chocolate_200ml-(13).jpg,8716900569869_13.jpg,padronizacao_nome
8716900569869,8716900569869-Nutridrink_Protein_Chocolate_200ml-(14).jpg,8716900569869_14.jpg,padronizacao_nome
8716900569869,8716900569869-Nutridrink_Protein_Chocolate_200ml-(15).jpg,8716900569869_15.jpg,padronizacao_nome
8716900580390,8716900580390 - 1A.png,8716900580390_1.png,padronizacao_nome
8716900580390,8716900580390 - 1B.png,8716900580390_2.png,ajuste_para_evitar_duplicidade
8716900580390,8716900580390 - 2.jpg,8716900580390_3.jpg,ajuste_para_evitar_duplicidade
8716900580390,8716900580390 - 3.jpg,8716900580390_4.jpg,ajuste_para_evitar_duplicidade
8716900580390,8716900580390 - 4.jpg,8716900580390_5.jpg,ajuste_para_evitar_duplicidade
8716900580390,8716900580390 - 5.jpg,8716900580390_6.jpg,ajuste_para_evitar_duplicidade
8716900580390,8716900580390 - 6.jpg,8716900580390_7.jpg,ajuste_para_evitar_duplicidade
8716900580390,8716900580390 - 7.jpg,8716900580390_8.jpg,ajuste_para_evitar_duplicidade
8716900580390,8716900580390 - 8.jpg,8716900580390_9.jpg,ajuste_para_evitar_duplicidade
8716900580390,8716900580390 - 9.jpg,8716900580390_10.jpg,ajuste_para_evitar_duplicidade
8716900580390,8716900580390 - 10.jpg,8716900580390_11.jpg,ajuste_para_evitar_duplicidade
8716900580390,8716900580390 - 11.jpg,8716900580390_12.jpg,ajuste_para_evitar_duplicidade
8716900580390,8716900580390 - 12.jpg,8716900580390_13.jpg,ajuste_para_evitar_duplicidade
8716900580390,8716900580390 - 13.jpg,8716900580390_14.jpg,ajuste_para_evitar_duplicidade
8716900581809,8716900581809_01.png,8716900581809_1.png,padronizacao_nome
8716900581809,8716900581809_02.png,8716900581809_2.png,padronizacao_nome
8716900581809,8716900581809_03.jpg,8716900581809_3.jpg,padronizacao_nome
8716900581809,8716900581809_04.png,8716900581809_4.png,padronizacao_nome
8716900581809,8716900581809_05.jpg,8716900581809_5.jpg,padronizacao_nome
8716900581809,8716900581809_06.jpg,8716900581809_6.jpg,padronizacao_nome
8716900581809,8716900581809_07.jpg,8716900581809_7.jpg,padronizacao_nome
8716900581809,8716900581809_08.jpg,8716900581809_8.jpg,padronizacao_nome
8716900581809,8716900581809_09.jpg,8716900581809_9.jpg,padronizacao_nome
8716900582875,8716900582875_03.jpg,8716900582875_3.jpg,padronizacao_nome
8716900582875,8716900582875_3.jpg,8716900582875_4.jpg,ajuste_para_evitar_duplicidade
8716900582875,8716900582875_4.png,8716900582875_5.png,ajuste_para_evitar_duplicidade
8716900582875,8716900582875_5.jpg,8716900582875_6.jpg,ajuste_para_evitar_duplicidade
8716900582875,8716900582875_6.jpg,8716900582875_7.jpg,ajuste_para_evitar_duplicidade
8716900582875,8716900582875_7.jpg,8716900582875_8.jpg,ajuste_para_evitar_duplicidade
8716900582875,8716900582875_8.jpg,8716900582875_9.jpg,ajuste_para_evitar_duplicidade
8716900582875,8716900582875_9.jpg,8716900582875_10.jpg,ajuste_para_evitar_duplicidade
8716900582875,8716900582875_10.jpg,8716900582875_11.jpg,ajuste_para_evitar_duplicidade
8716900582875,8716900582875_11.jpg,8716900582875_12.jpg,ajuste_para_evitar_duplicidade
8716900582875,8716900582875_12.jpg,8716900582875_13.jpg,ajuste_para_evitar_duplicidade
8716900582875,8716900582875_13.jpg,8716900582875_14.jpg,ajuste_para_evitar_duplicidade
8716900582929,8716900582929_01.png,8716900582929_1.png,padronizacao_nome
8716900582929,8716900582929_02.png,8716900582929_2.png,padronizacao_nome
8716900582929,8716900582929_03.jpg,8716900582929_3.jpg,padronizacao_nome
8716900582929,8716900582929_04.jpg,8716900582929_4.jpg,padronizacao_nome
8716900582929,8716900582929_05.jpg,8716900582929_5.jpg,padronizacao_nome
8716900582929,8716900582929_06.jpg,8716900582929_6.jpg,padronizacao_nome
8716900582929,8716900582929_07.jpg,8716900582929_7.jpg,padronizacao_nome
8716900582929,8716900582929_08.jpg,8716900582929_8.jpg,padronizacao_nome
8716900582929,8716900582929_09.jpg,8716900582929_9.jpg,padronizacao_nome
8716900582998,8716900582998 - 1A.png,8716900582998_1.png,padronizacao_nome
8716900582998,8716900582998 - 1B.png,8716900582998_2.png,ajuste_para_evitar_duplicidade
8716900582998,8716900582998 - 2.jpg,8716900582998_3.jpg,ajuste_para_evitar_duplicidade
8716900582998,8716900582998 - 3.jpg,8716900582998_4.jpg,ajuste_para_evitar_duplicidade
8716900582998,8716900582998 - 4.jpg,8716900582998_5.jpg,ajuste_para_evitar_duplicidade
8716900582998,8716900582998 - 5.jpg,8716900582998_6.jpg,ajuste_para_evitar_duplicidade
8716900582998,8716900582998 - 6.jpg,8716900582998_7.jpg,ajuste_para_evitar_duplicidade
8716900582998,8716900582998 - 7.jpg,8716900582998_8.jpg,ajuste_para_evitar_duplicidade
8716900582998,8716900582998 - 8.jpg,8716900582998_9.jpg,ajuste_para_evitar_duplicidade
8716900582998,8716900582998 - 9.jpg,8716900582998_10.jpg,ajuste_para_evitar_duplicidade
8716900582998,8716900582998 - 10.jpg,8716900582998_11.jpg,ajuste_para_evitar_duplicidade
8716900582998,8716900582998 - 11.jpg,8716900582998_12.jpg,ajuste_para_evitar_duplicidade
8716900582998,8716900582998 - 12.jpg,8716900582998_13.jpg,ajuste_para_evitar_duplicidade
8716900582998,8716900582998 - 13.jpg,8716900582998_14.jpg,ajuste_para_evitar_duplicidade
8718117614790,8718117604920_04.jpg,8718117614790_4.jpg,padronizacao_nome
8718117614790,8718117614790_4.png,8718117614790_5.png,ajuste_para_evitar_duplicidade
8718117614790,8718117614790_5.jpg,8718117614790_6.jpg,ajuste_para_evitar_duplicidade
8718117614790,8718117614790_6.jpg,8718117614790_7.jpg,ajuste_para_evitar_duplicidade
8718117614790,8718117614790_7.png,8718117614790_8.png,ajuste_para_evitar_duplicidade
